		Казна		467 482	В казну				ИСТИНА
	АГЛ	Эссенки акхиума		590 518					ЛОЖЬ
	АГЛ	Свиток стойкости		21 600					ЛОЖЬ
	Боссы	Всякие мелочи		5 800					ЛОЖЬ
	Левиафан	Эссенция кошмара		1 900					ЛОЖЬ
	Ксанатос	Эссенция гнева		6 900					ЛОЖЬ
	Кракен	Эссенция ужаса		1 950					ЛОЖЬ
14.05.2026	Кракен	Рокана	1		На складе				ЛОЖЬ
28.05.2026	Кракен	Рокана	1		На складе				ЛОЖЬ
31.05.2026	Анталон	Сапоги ифериского советника	1		Выдано	06.07.2026	1	Тутмоглабытьваша	ИСТИНА
02.06.2026	Левиафан	Кристалл	1		Продаётся				ЛОЖЬ
04.06.2026	Левиафан	Кристалл	1		Продаётся				ЛОЖЬ
06.06.2026	Кракен	Рокана	1		На складе				ЛОЖЬ
06.06.2026	Калидис	Клык Калидиса	1	7 000		06.07.2026	1	Рейков	ИСТИНА
07.06.2026	Левиафан	Средоточие морей	1		Продаётся				ЛОЖЬ
09.06.2026	Левиафан	Средоточие морей	1		Продаётся				ЛОЖЬ
11.06.2026	Левиафан	Средоточие морей	1		Продаётся				ЛОЖЬ
12.06.2026	Ксанатос	Свиток пробуждения	1	5 300		08.07.2026	1	Аук	ИСТИНА
13.06.2026	Кракен	Щит	1		На складе				ЛОЖЬ
14.02.2026	Левиафан	Средоточие морей	1		Продаётся				ЛОЖЬ
15.06.2026	Кракен	Щит	1		На складе				ЛОЖЬ
16.06.2026	Ксанатос	Свиток пробуждения	1	5 300		08.07.2026	1	Аук	ИСТИНА
16.06.2026	Левиафан	Средоточие морей	1		Продаётся				ЛОЖЬ
18.06.2026	Кракен	Щит	1		На складе				ЛОЖЬ
18.06.2026	Левиафан	Глаз Левиафана	2	1 400		06.07.2026	2	Raivent	ИСТИНА
18.06.2026	Левиафан	Средоточие морей	1		Продаётся				ЛОЖЬ
19.06.2026	Ксанатос	Свиток пробуждения	1	5 300		09.07.2026	1	Аук	ИСТИНА
20.06.2026	Кракен	Щит	1		На складе				ЛОЖЬ
20.06.2026	Калидис	Лоскут Кожи Калидиса	1	2 000		06.07.2026	1	Рейков	ИСТИНА
21.06.2026	Ксанатос	Застывшее пламя	1		Продаётся				ЛОЖЬ
21.06.2026	Ксанатос	Глайдер "Рассекатель небес"	1	35 000		08.07.2026	1	Flams	ИСТИНА
21.06.2026	Ксанатос	Свиток пробуждения	1	5 000		16.07.2026	1	Аук	ИСТИНА
21.06.2026	Левиафан	Глаз Левиафана	1	700		06.07.2026	1	Raivent	ИСТИНА
21.06.2026	Левиафан	Средоточие морей	1		Продаётся				ЛОЖЬ
22.06.2026	Калидис	Лоскут Кожи Калидиса	1	2 000		06.07.2026	1	Рейков	ИСТИНА
22.06.2026	Анталон	Мантия иферийского советника	1		Продаётся				ЛОЖЬ
23.06.2026	Ксанатос	Равимар	1		Продаётся				ЛОЖЬ
23.06.2026	Ксанатос	Глайдер "Рассекатель небес"	1	30 000		27.07.2026	1	Аук	ИСТИНА
23.06.2026	Левиафан	Глаз Левиафана	1	700		06.07.2026	1	Raivent	ИСТИНА
23.06.2026	Левиафан	Средоточие морей	1		Продаётся				ЛОЖЬ
25.06.2026	Левиафан	Глаз Левиафана	1	700		06.07.2026	1	Raivent	ИСТИНА
25.06.2026	Левиафан	Средоточие морей	1		Продаётся				ЛОЖЬ
26.06.2026	Анталон	Средоточие безумия	2	112 800		06.07.2026	2	Аук	ИСТИНА
26.06.2026	Ксанатос	Свиток пробуждения	1	4 700		18.07.2026	1	Аук	ИСТИНА
26.06.2026	Калидис	Лоскут Кожи Калидиса	1	2 000		06.07.2026	1	Рейков	ИСТИНА
27.06.2026	Калидис	Лоскут Кожи Калидиса	1	2 000		06.07.2026	1	Рейков	ИСТИНА
28.06.2026	Ксанатос	Застывшее пламя	1		Продаётся				ЛОЖЬ
28.06.2026	Ксанатос	Свиток пробуждения	1		Продаётся				ЛОЖЬ
28.06.2026	Анталон	Средоточие безумия	2	112 800		06.07.2026	2	Аук	ИСТИНА
28.06.2026	Левиафан	Глаз Левиафана	1	700		06.07.2026	1	Raivent	ИСТИНА
28.06.2026	Левиафан	Средоточие морей	1		Продаётся				ЛОЖЬ
29.06.2026	Калидис	Лоскут Кожи Калидиса	1	2 000		06.07.2026	1	Рейков	ИСТИНА
30.06.2026	Ксанатос	Глайдер "Рассекатель небес"	1	38 000		18.07.2026	1	Аук	ИСТИНА
30.06.2026	Ксанатос	Свиток пробуждения	1		Продаётся				ЛОЖЬ
30.06.2026	Левиафан	Глаз Левиафана	1	700		06.07.2026	1	Raivent	ЛОЖЬ
30.06.2026	Левиафан	Средоточие морей	1		Продаётся				ЛОЖЬ
03.07.2026	Ксанатос	Глайдер "Рассекатель небес"	1	35 000		28.07.2026	1	Аук	ИСТИНА
03.07.2026	Ксанатос	Свиток пробуждения	2		Продаётся				ЛОЖЬ
04.07.2026	Корвус	Корона	1		Продаётся				ЛОЖЬ
04.07.2026	Кракен	Глайдер "Властелин морей"	1	19 000		06.07.2026	1	Аук	ИСТИНА
04.07.2026	Калидис	Лоскут Кожи Калидиса	1	2 000		06.07.2026	1	Рейков	ИСТИНА
05.07.2026	Ксанатос	Глайдер "Рассекатель небес"	1	35 000		28.07.2026	1	Аук	ИСТИНА
05.07.2026	Ксанатос	Свиток пробуждения	2		Продаётся				ЛОЖЬ
02.07.2026	Левиафан	Глаз Левиафана	1	700		06.07.2026	1	Raivent	ИСТИНА
02.07.2026	Левиафан	Средоточие морей	1		Продаётся				ИСТИНА
03.07.2026	Калидис	Лоскут Кожи Калидиса	1	2 000		06.07.2026	1	Рейков	ИСТИНА
03.07.2026	Анталон	Поножи иферийского советника	1	10 500		06.07.2026	1	Raivent	ИСТИНА
03.07.2026	Анталон	Средоточие безумия	2	66 000		09.07.2026	2	Аук	ИСТИНА
05.07.2026	Анталон	Мантия иферийского советника	1		Продаётся				ЛОЖЬ
05.07.2026	Анталон	Средоточие безумия	1	56 400		06.07.2026	1	Аук	ИСТИНА
05.07.2026	Левиафан	Средоточие морей	1		Продаётся				ЛОЖЬ
05.07.2026	Левиафан	Глаз Левиафана	1	700		06.07.2026	1	Raivent	ИСТИНА
06.07.2026	АГЛ	РБ ОПЫТ	100000	20 000		06.07.2026	100000	Тутмоглабытьваша	ИСТИНА
06.07.2026	АГЛ	РБ ОПЫТ	200000	40 000		06.07.2026	200000	Пельменебл	ИСТИНА
06.07.2026	Калидис	Лоскут Кожи Калидиса	1						ЛОЖЬ
06.07.2026	Анталон	Средоточие безумия	2	122 500			2	Аук	ИСТИНА
06.07.2026	АГЛ	РБ ОПЫТ	200000	40 000		06.07.2026	200000	Рейков	ИСТИНА
06.07.2026	Левиафан	Глаз Левиафана	1		Продаётся				ЛОЖЬ
07.07.2026	Ксанатос	Свиток пробуждения	1		Продаётся				ЛОЖЬ
07.07.2026	Ксанатос	Глайдер "Рассекатель небес"	1	32 000		28.07.2026	1	Аук	ИСТИНА
07.07.2026	Ксанатос	Генетический материал	1		Продаётся				ЛОЖЬ
07.07.2026	Левиафан	Средоточие морей	1		Продаётся				ЛОЖЬ
07.07.2026	Левиафан	Глаз Левиафана	1		Продаётся				ЛОЖЬ
09.07.2026	Корвус	Грава(Корвус)	1	21 000		09.07.2026	1	Sarin	ИСТИНА
09.07.2026	Левиафан	Средоточие морей	1		Продаётся				ЛОЖЬ
09.07.2026	Левиафан	Глаз Левиафана	1		Продаётся				ЛОЖЬ
10.07.2026	АГЛ	РБ ОПЫТ	250000	50 000		10.07.2026	250000	Manekii	ИСТИНА
10.07.2026	АГЛ	РБ ОПЫТ	400000	80 000		10.07.2026	400000	Пельменебл	ИСТИНА
10.07.2026	Ксанатос	Моргур	1		Продаётся				ЛОЖЬ
10.07.2026	Ксанатос	Глайдер "Рассекатель небес"	1		Продаётся				ЛОЖЬ
10.07.2026	Калидис	Лоскут Кожи Калидиса	1		Продаётся				ЛОЖЬ
11.07.2026	Кракен	Щит	1		Продаётся				ЛОЖЬ
11.07.2026	Калидис	Лоскут Кожи Калидиса	1		Продаётся				ЛОЖЬ
12.07.2026	Ксанатос	Свиток пробуждения	3		Продаётся				ЛОЖЬ
12.07.2026	Ксанатос	Глайдер "Рассекатель небес"	1		Продаётся				ЛОЖЬ
12.07.2026	Анталон	Средоточие безумия	1	85 000		18.07.2026	1	Аук	ИСТИНА
12.07.2026	Анталон	Грава(Корвус)	1	21 000		20.07.2026	1	Тутмоглабытьваша	ИСТИНА
12.07.2026	Левиафан	Средоточие морей	2		Продаётся				ЛОЖЬ
12.07.2026	Левиафан	Кристалл	1		Продаётся				ЛОЖЬ
12.07.2026	АГЛ	РБ ОПЫТ	100000	20 000		12.07.2026	100000	Arasaka	ИСТИНА
12.07.2026	АГЛ	Рб ОПЫТ	80000	16 000		12.07.2026	80000	Flams	ИСТИНА
13.07.2026	Калидис	Клык Калидиса	1		Продаётся				ЛОЖЬ
14.07.2026	Ксанатос	Свиток пробуждения	2		Продаётся				ЛОЖЬ
14.07.2026	Левиафан	Средоточие морей	1		Продаётся				ЛОЖЬ
14.07.2026	Левиафан	Глаз Левиафана	1		Продаётся				ЛОЖЬ
16.07.2026	Левиафан	Глаз Левиафана	1		Продаётся				ЛОЖЬ
16.07.2026	Левиафан	Средоточие морей	1		Продаётся				ЛОЖЬ
16.07.2026	Левиафан	Кристалл	1		Продаётся				ЛОЖЬ
17.07.2026	Ксанатос	Свиток пробуждения	1		Продаётся				ЛОЖЬ
17.07.2026	Калидис	Лоскут Кожи Калидиса	1		Продаётся				ЛОЖЬ
17.07.2026	Анталон	Средоточие безумия	1	72 000		26.7.2026	1	Аук	ИСТИНА
18.07.2026	Калидис	Лоскут Кожи Калидиса	1		Продаётся				ЛОЖЬ
19.07.2026	Ксанатос	Свиток пробуждения	1		Продаётся				ЛОЖЬ
19.07.2026	Ксанатос	Глайдер "Рассекатель небес"	1		Продаётся				ЛОЖЬ
19.07.2026	Анталон	Средоточие безумия	1	60 000		27.07.2026	1	Аук	ИСТИНА
19.07.2026	Анталон	Мантия иферийского советника	1		Продаётся				ЛОЖЬ
19.07.2026	Левиафан	Средоточие морей	1		Продаётся				ЛОЖЬ
19.07.2026	Левиафан	Кристалл	1		Продаётся				ЛОЖЬ
20.07.2026	Калидис	Лоскут Кожи Калидиса	1		Продаётся				ЛОЖЬ
20.07.2026	Анталон	Средоточие безумия	2	120 000		27.07.2026	2	Аук	ИСТИНА
20.07.2026	АГЛ	РБ ОПЫТ	500000	100 000		20.07.2026	500 000	Тутмоглабытьваша	ИСТИНА
21.07.2026	Ксанатос	Генетический материал	1	56 000		21.07.2026	1	Метх	ИСТИНА
21.07.2026	Ксанатос	Свиток пробуждения	3		Продаётся				ЛОЖЬ
21.07.2026	Ксанатос	Глайдер "Рассекатель небес"	1		Продаётся				ЛОЖЬ
21.07.2026	Левиафан	Средоточие морей	1		Продаётся				ЛОЖЬ
21.07.2026	Левиафан	Кристалл	1		Продаётся				ЛОЖЬ
23.07.2026	Левиафан	Средоточие морей	1		Продаётся				ЛОЖЬ
23.07.2026	Левиафан	Глаз Левиафана	1		Продаётся				ЛОЖЬ
24.07.2026	Ксанатос	Свиток пробуждения	1		Продаётся				ЛОЖЬ
24.07.2026	Калидис	Лоскут Кожи Калидиса	1		Продаётся				ЛОЖЬ
24.07.2026	Анталон	Средоточие безумия	2	120 000		27.07.2026	2	Аук	ИСТИНА
24.07.2026	Анталон	Поножи иферийского советника	1	10 500		25.07.2026	1	Парирум	ИСТИНА
25.07.2026	Кракен	Глайдер "Властелин морей"	1	20 000		28.07.2026	1	Аук	ИСТИНА
25.07.2026	Калидис	Лоскут Кожи Калидиса	1		Продаётся				ЛОЖЬ
26.07.2026	Ксанатос	Свиток пробуждения	1		Продаётся				ЛОЖЬ
26.07.2026	Ксанатос	Глайдер "Рассекатель небес"	1		Продаётся				ЛОЖЬ
26.07.2026	Анталон	Сапоги ифериского советника	1	10 500		27.07.2026	1	Tairneanach	ИСТИНА
26.07.2026	Анталон	Средоточие безумия	1	60 000		27.07.2026	1	Аук	ИСТИНА
26.07.2026	Левиафан	Средоточие морей	1		Продаётся				ЛОЖЬ
26.07.2026	Левиафан	Глаз Левиафана	1		Продаётся				ЛОЖЬ
27.07.2026	Кракен	Рокана	1		Продаётся				ЛОЖЬ
27.07.2026	Калидис	Лоскут Кожи Калидиса	1		Продаётся				ЛОЖЬ
27.07.2026	Анталон	Средоточие безумия	1		Продаётся				ЛОЖЬ
28.07.2026	Ксанатос	Свиток пробуждения	2		Продаётся				ЛОЖЬ
